image,source1_path,source2_path,fused_path,SSIM,PSNR,MI,EN,CC,FMI,SF,AG
0000_fused.png,E:\El Gam3a\My bachelor\Final-Fused Bachelor\Final-FusedBachelor\data\raw\AANLIB\PET-MRI\test\PET\25015.png,E:\El Gam3a\My bachelor\Final-Fused Bachelor\Final-FusedBachelor\data\raw\AANLIB\PET-MRI\test\MRI\25015.png,E:\El Gam3a\My bachelor\Final-Fused Bachelor\Final-FusedBachelor\outputs\models\gan\images\aanlib\test\pet_mri\fused_original\0000_fused.png,0.7913913130760193,15.656231926208125,1.1478586792945862,4.097654819488525,0.9558005928993225,0.2738647609949112,0.1095760390162468,0.03364349156618118
0001_fused.png,E:\El Gam3a\My bachelor\Final-Fused Bachelor\Final-FusedBachelor\data\raw\AANLIB\PET-MRI\test\PET\25022.png,E:\El Gam3a\My bachelor\Final-Fused Bachelor\Final-FusedBachelor\data\raw\AANLIB\PET-MRI\test\MRI\25022.png,E:\El Gam3a\My bachelor\Final-Fused Bachelor\Final-FusedBachelor\outputs\models\gan\images\aanlib\test\pet_mri\fused_original\0001_fused.png,0.7601519823074341,14.528234793877662,1.3605937361717224,4.816771030426025,0.9441119432449341,0.26690931618213654,0.12668728828430176,0.04281599819660187
0002_fused.png,E:\El Gam3a\My bachelor\Final-Fused Bachelor\Final-FusedBachelor\data\raw\AANLIB\PET-MRI\test\PET\25027.png,E:\El Gam3a\My bachelor\Final-Fused Bachelor\Final-FusedBachelor\data\raw\AANLIB\PET-MRI\test\MRI\25027.png,E:\El Gam3a\My bachelor\Final-Fused Bachelor\Final-FusedBachelor\outputs\models\gan\images\aanlib\test\pet_mri\fused_original\0002_fused.png,0.7364881634712219,14.411204351882056,1.4784327745437622,5.181241035461426,0.9455142617225647,0.2677054852247238,0.13067945837974548,0.04602659493684769
0003_fused.png,E:\El Gam3a\My bachelor\Final-Fused Bachelor\Final-FusedBachelor\data\raw\AANLIB\PET-MRI\test\PET\25038.png,E:\El Gam3a\My bachelor\Final-Fused Bachelor\Final-FusedBachelor\data\raw\AANLIB\PET-MRI\test\MRI\25038.png,E:\El Gam3a\My bachelor\Final-Fused Bachelor\Final-FusedBachelor\outputs\models\gan\images\aanlib\test\pet_mri\fused_original\0003_fused.png,0.7016763091087341,13.00019817731455,1.6139588952064514,5.681262969970703,0.9367275834083557,0.26773473620414734,0.13770680129528046,0.04991600289940834
0004_fused.png,E:\El Gam3a\My bachelor\Final-Fused Bachelor\Final-FusedBachelor\data\raw\AANLIB\PET-MRI\test\PET\25046.png,E:\El Gam3a\My bachelor\Final-Fused Bachelor\Final-FusedBachelor\data\raw\AANLIB\PET-MRI\test\MRI\25046.png,E:\El Gam3a\My bachelor\Final-Fused Bachelor\Final-FusedBachelor\outputs\models\gan\images\aanlib\test\pet_mri\fused_original\0004_fused.png,0.6865485906600952,12.845236744911857,1.62148118019104,5.830230712890625,0.9324269890785217,0.2622904032468796,0.14547467231750488,0.05284015089273453
0005_fused.png,E:\El Gam3a\My bachelor\Final-Fused Bachelor\Final-FusedBachelor\data\raw\AANLIB\PET-MRI\test\PET\25055.png,E:\El Gam3a\My bachelor\Final-Fused Bachelor\Final-FusedBachelor\data\raw\AANLIB\PET-MRI\test\MRI\25055.png,E:\El Gam3a\My bachelor\Final-Fused Bachelor\Final-FusedBachelor\outputs\models\gan\images\aanlib\test\pet_mri\fused_original\0005_fused.png,0.6895535588264465,13.585512607518627,1.6354897618293762,5.833583831787109,0.9423111081123352,0.2645055502653122,0.14926551282405853,0.055158521980047226
0006_fused.png,E:\El Gam3a\My bachelor\Final-Fused Bachelor\Final-FusedBachelor\data\raw\AANLIB\PET-MRI\test\PET\25063.png,E:\El Gam3a\My bachelor\Final-Fused Bachelor\Final-FusedBachelor\data\raw\AANLIB\PET-MRI\test\MRI\25063.png,E:\El Gam3a\My bachelor\Final-Fused Bachelor\Final-FusedBachelor\outputs\models\gan\images\aanlib\test\pet_mri\fused_original\0006_fused.png,0.6904425621032715,14.05568406390461,1.5473946332931519,5.811164379119873,0.9376181960105896,0.25078284740448,0.14623653888702393,0.053899623453617096
0007_fused.png,E:\El Gam3a\My bachelor\Final-Fused Bachelor\Final-FusedBachelor\data\raw\AANLIB\PET-MRI\test\PET\25073.png,E:\El Gam3a\My bachelor\Final-Fused Bachelor\Final-FusedBachelor\data\raw\AANLIB\PET-MRI\test\MRI\25073.png,E:\El Gam3a\My bachelor\Final-Fused Bachelor\Final-FusedBachelor\outputs\models\gan\images\aanlib\test\pet_mri\fused_original\0007_fused.png,0.6797185242176056,13.654738153213431,1.5399176478385925,6.06954288482666,0.9397215843200684,0.24447500705718994,0.15911251306533813,0.06326919049024582
0008_fused.png,E:\El Gam3a\My bachelor\Final-Fused Bachelor\Final-FusedBachelor\data\raw\AANLIB\PET-MRI\test\PET\30034.png,E:\El Gam3a\My bachelor\Final-Fused Bachelor\Final-FusedBachelor\data\raw\AANLIB\PET-MRI\test\MRI\30034.png,E:\El Gam3a\My bachelor\Final-Fused Bachelor\Final-FusedBachelor\outputs\models\gan\images\aanlib\test\pet_mri\fused_original\0008_fused.png,0.7103744447231293,14.198394521062141,1.5432830452919006,5.539140224456787,0.9575647711753845,0.254748098552227,0.11319121718406677,0.042117439210414886
0009_fused.png,E:\El Gam3a\My bachelor\Final-Fused Bachelor\Final-FusedBachelor\data\raw\AANLIB\PET-MRI\test\PET\30043.png,E:\El Gam3a\My bachelor\Final-Fused Bachelor\Final-FusedBachelor\data\raw\AANLIB\PET-MRI\test\MRI\30043.png,E:\El Gam3a\My bachelor\Final-Fused Bachelor\Final-FusedBachelor\outputs\models\gan\images\aanlib\test\pet_mri\fused_original\0009_fused.png,0.6686906218528748,12.741080865854215,1.644460380077362,6.212126731872559,0.930884599685669,0.25167738646268845,0.1396568864583969,0.05453485995531082
0010_fused.png,E:\El Gam3a\My bachelor\Final-Fused Bachelor\Final-FusedBachelor\data\raw\AANLIB\PET-MRI\test\PET\30057.png,E:\El Gam3a\My bachelor\Final-Fused Bachelor\Final-FusedBachelor\data\raw\AANLIB\PET-MRI\test\MRI\30057.png,E:\El Gam3a\My bachelor\Final-Fused Bachelor\Final-FusedBachelor\outputs\models\gan\images\aanlib\test\pet_mri\fused_original\0010_fused.png,0.6542921960353851,13.500111717564435,1.7076921463012695,6.411682605743408,0.9254679679870605,0.24054314196109772,0.12285645306110382,0.0491756796836853
0011_fused.png,E:\El Gam3a\My bachelor\Final-Fused Bachelor\Final-FusedBachelor\data\raw\AANLIB\PET-MRI\test\PET\30062.png,E:\El Gam3a\My bachelor\Final-Fused Bachelor\Final-FusedBachelor\data\raw\AANLIB\PET-MRI\test\MRI\30062.png,E:\El Gam3a\My bachelor\Final-Fused Bachelor\Final-FusedBachelor\outputs\models\gan\images\aanlib\test\pet_mri\fused_original\0011_fused.png,0.6447190046310425,13.569814486983281,1.717553198337555,6.568142890930176,0.9389888644218445,0.22901538014411926,0.1228223443031311,0.049960214644670486
0012_fused.png,E:\El Gam3a\My bachelor\Final-Fused Bachelor\Final-FusedBachelor\data\raw\AANLIB\PET-MRI\test\PET\30066.png,E:\El Gam3a\My bachelor\Final-Fused Bachelor\Final-FusedBachelor\data\raw\AANLIB\PET-MRI\test\MRI\30066.png,E:\El Gam3a\My bachelor\Final-Fused Bachelor\Final-FusedBachelor\outputs\models\gan\images\aanlib\test\pet_mri\fused_original\0012_fused.png,0.6450610160827637,13.008286817956595,1.6678140759468079,6.534857273101807,0.9464879631996155,0.22401946038007736,0.11950158327817917,0.04688727855682373
0013_fused.png,E:\El Gam3a\My bachelor\Final-Fused Bachelor\Final-FusedBachelor\data\raw\AANLIB\PET-MRI\test\PET\30071.png,E:\El Gam3a\My bachelor\Final-Fused Bachelor\Final-FusedBachelor\data\raw\AANLIB\PET-MRI\test\MRI\30071.png,E:\El Gam3a\My bachelor\Final-Fused Bachelor\Final-FusedBachelor\outputs\models\gan\images\aanlib\test\pet_mri\fused_original\0013_fused.png,0.6478973925113678,13.174742173782477,1.659699022769928,6.564625263214111,0.9423202276229858,0.2228517234325409,0.12449932098388672,0.05021822452545166
0014_fused.png,E:\El Gam3a\My bachelor\Final-Fused Bachelor\Final-FusedBachelor\data\raw\AANLIB\PET-MRI\test\PET\30084.png,E:\El Gam3a\My bachelor\Final-Fused Bachelor\Final-FusedBachelor\data\raw\AANLIB\PET-MRI\test\MRI\30084.png,E:\El Gam3a\My bachelor\Final-Fused Bachelor\Final-FusedBachelor\outputs\models\gan\images\aanlib\test\pet_mri\fused_original\0014_fused.png,0.6545704305171967,12.80578138170133,1.6595506072044373,6.371720790863037,0.9189150333404541,0.23843326419591904,0.12765872478485107,0.05111946910619736
0015_fused.png,E:\El Gam3a\My bachelor\Final-Fused Bachelor\Final-FusedBachelor\data\raw\AANLIB\PET-MRI\test\PET\30092.png,E:\El Gam3a\My bachelor\Final-Fused Bachelor\Final-FusedBachelor\data\raw\AANLIB\PET-MRI\test\MRI\30092.png,E:\El Gam3a\My bachelor\Final-Fused Bachelor\Final-FusedBachelor\outputs\models\gan\images\aanlib\test\pet_mri\fused_original\0015_fused.png,0.6604049205780029,13.434899803804031,1.6811589002609253,6.314822196960449,0.9399051070213318,0.24449177831411362,0.13159573078155518,0.052814021706581116
0016_fused.png,E:\El Gam3a\My bachelor\Final-Fused Bachelor\Final-FusedBachelor\data\raw\AANLIB\PET-MRI\test\PET\30100.png,E:\El Gam3a\My bachelor\Final-Fused Bachelor\Final-FusedBachelor\data\raw\AANLIB\PET-MRI\test\MRI\30100.png,E:\El Gam3a\My bachelor\Final-Fused Bachelor\Final-FusedBachelor\outputs\models\gan\images\aanlib\test\pet_mri\fused_original\0016_fused.png,0.6791077554225922,13.555837439065801,1.5884883403778076,5.905840873718262,0.9432422518730164,0.2547789365053177,0.1302657127380371,0.04974145442247391
0017_fused.png,E:\El Gam3a\My bachelor\Final-Fused Bachelor\Final-FusedBachelor\data\raw\AANLIB\PET-MRI\test\PET\41041.png,E:\El Gam3a\My bachelor\Final-Fused Bachelor\Final-FusedBachelor\data\raw\AANLIB\PET-MRI\test\MRI\41041.png,E:\El Gam3a\My bachelor\Final-Fused Bachelor\Final-FusedBachelor\outputs\models\gan\images\aanlib\test\pet_mri\fused_original\0017_fused.png,0.7179890871047974,15.034007945862674,1.445421427488327,5.265252590179443,0.9463295340538025,0.2718230187892914,0.13131456077098846,0.04503180831670761
0018_fused.png,E:\El Gam3a\My bachelor\Final-Fused Bachelor\Final-FusedBachelor\data\raw\AANLIB\PET-MRI\test\PET\41054.png,E:\El Gam3a\My bachelor\Final-Fused Bachelor\Final-FusedBachelor\data\raw\AANLIB\PET-MRI\test\MRI\41054.png,E:\El Gam3a\My bachelor\Final-Fused Bachelor\Final-FusedBachelor\outputs\models\gan\images\aanlib\test\pet_mri\fused_original\0018_fused.png,0.7149946093559265,13.955237291919417,1.5462175607681274,5.403929233551025,0.951212465763092,0.28376270830631256,0.1320323646068573,0.04417590796947479
0019_fused.png,E:\El Gam3a\My bachelor\Final-Fused Bachelor\Final-FusedBachelor\data\raw\AANLIB\PET-MRI\test\PET\41066.png,E:\El Gam3a\My bachelor\Final-Fused Bachelor\Final-FusedBachelor\data\raw\AANLIB\PET-MRI\test\MRI\41066.png,E:\El Gam3a\My bachelor\Final-Fused Bachelor\Final-FusedBachelor\outputs\models\gan\images\aanlib\test\pet_mri\fused_original\0019_fused.png,0.720677375793457,14.080052884372979,1.6000211834907532,5.671302318572998,0.9401704668998718,0.27082325518131256,0.12377713620662689,0.04279438033699989
0020_fused.png,E:\El Gam3a\My bachelor\Final-Fused Bachelor\Final-FusedBachelor\data\raw\AANLIB\PET-MRI\test\PET\41071.png,E:\El Gam3a\My bachelor\Final-Fused Bachelor\Final-FusedBachelor\data\raw\AANLIB\PET-MRI\test\MRI\41071.png,E:\El Gam3a\My bachelor\Final-Fused Bachelor\Final-FusedBachelor\outputs\models\gan\images\aanlib\test\pet_mri\fused_original\0020_fused.png,0.7194293737411499,13.94512143622962,1.6432546377182007,5.641163349151611,0.9505136013031006,0.2693163752555847,0.12495129555463791,0.043734245002269745
0021_fused.png,E:\El Gam3a\My bachelor\Final-Fused Bachelor\Final-FusedBachelor\data\raw\AANLIB\PET-MRI\test\PET\41083.png,E:\El Gam3a\My bachelor\Final-Fused Bachelor\Final-FusedBachelor\data\raw\AANLIB\PET-MRI\test\MRI\41083.png,E:\El Gam3a\My bachelor\Final-Fused Bachelor\Final-FusedBachelor\outputs\models\gan\images\aanlib\test\pet_mri\fused_original\0021_fused.png,0.7286379635334015,14.526387356944335,1.663166344165802,5.432107448577881,0.9511874914169312,0.2905545234680176,0.11928185075521469,0.04085575416684151
0022_fused.png,E:\El Gam3a\My bachelor\Final-Fused Bachelor\Final-FusedBachelor\data\raw\AANLIB\PET-MRI\test\PET\41094.png,E:\El Gam3a\My bachelor\Final-Fused Bachelor\Final-FusedBachelor\data\raw\AANLIB\PET-MRI\test\MRI\41094.png,E:\El Gam3a\My bachelor\Final-Fused Bachelor\Final-FusedBachelor\outputs\models\gan\images\aanlib\test\pet_mri\fused_original\0022_fused.png,0.7431230545043945,14.184139811593052,1.607464075088501,5.11323881149292,0.9421387314796448,0.3009624183177948,0.11634975671768188,0.039471860975027084
0023_fused.png,E:\El Gam3a\My bachelor\Final-Fused Bachelor\Final-FusedBachelor\data\raw\AANLIB\PET-MRI\test\PET\41101.png,E:\El Gam3a\My bachelor\Final-Fused Bachelor\Final-FusedBachelor\data\raw\AANLIB\PET-MRI\test\MRI\41101.png,E:\El Gam3a\My bachelor\Final-Fused Bachelor\Final-FusedBachelor\outputs\models\gan\images\aanlib\test\pet_mri\fused_original\0023_fused.png,0.7737177908420563,15.032160298792519,1.4621904492378235,4.619381427764893,0.969549834728241,0.3138035535812378,0.10972621291875839,0.03615579381585121
mean +/- std,,,,0.700819 +/- 0.040612,13.853462 +/- 0.747956,1.574273 +/- 0.124108,5.703783 +/- 0.630134,0.942880 +/- 0.010334,0.260828 +/- 0.022316,0.128926 +/- 0.012233,0.047348 +/- 0.006552
